optimizer,epoch,train_loss,test_loss,train_acc,test_acc
SGD,1,0.6016089334125643,0.6163138370099683,0.78725,0.788
SGD,2,0.17725034831574754,0.18285388542168893,0.98925,0.986
SGD,3,0.10417321596311462,0.11231893075737481,0.99625,0.992
SGD,4,0.07179874815284464,0.07663838529343879,0.99775,0.997
SGD,5,0.05943486131592049,0.06490737951974568,0.998,0.998
SGD,6,0.05157005644451306,0.05810005057512399,0.99875,0.996
SGD,7,0.03965969879368712,0.04494245410346155,0.9995,0.997
SGD,8,0.035058345179726544,0.04051464947234169,0.99975,0.997
SGD,9,0.0317216572355512,0.03725316362726985,0.99975,0.997
SGD,10,0.029156864743321173,0.03427027964572961,0.99975,0.998
SGD,11,0.02777610143606521,0.033684035101673636,0.99975,0.998
SGD,12,0.02651065412205212,0.032385104005487324,1.0,0.998
NG,1,1.7519395852207131,1.7487438760776843,0.486,0.486
NG,2,1.1708692109104901,1.1752766616452777,0.8365,0.838
NG,3,0.811925735877424,0.820030553454077,0.91875,0.909
NG,4,0.5885924325245101,0.5956458138556647,0.96375,0.953
NG,5,0.45447197333289624,0.4613748031159637,0.97675,0.976
NG,6,0.36514870893778223,0.3720994842613783,0.9825,0.98
NG,7,0.3010219827839037,0.30773520225488377,0.987,0.983
NG,8,0.2573093672019968,0.2635899941258294,0.9895,0.986
NG,9,0.22180730477269883,0.22997457402919466,0.99025,0.988
NG,10,0.19762699089913166,0.205059065790907,0.9915,0.988
NG,11,0.1737017254670486,0.17994977599108503,0.9945,0.991
NG,12,0.15650554970035319,0.16361197747484205,0.99475,0.992
